{
  "resource": "/wishlist/images",
  "path": "/wishlist/images",
  "httpMethod": "POST",
  "headers": {
    "Accept": "*/*",
    "Accept-Encoding": "gzip, deflate, br",
    "Cache-Control": "no-cache",
    "Content-Type": "application/json",
    "Host": "omv9j6woq7.execute-api.us-east-1.amazonaws.com",
    "Postman-Token": "10179907-09d8-44cb-81c9-7bd5e4123b4e",
    "User-Agent": "PostmanRuntime/7.28.0",
    "X-Amzn-Trace-Id": "Root=1-6090f0cc-5dbec31d6fae799a0a44fad4",
    "X-Forwarded-For": "24.251.173.110",
    "X-Forwarded-Port": "443",
    "X-Forwarded-Proto": "https"
  },
  "multiValueHeaders": {
    "Accept": ["*/*"],
    "Accept-Encoding": ["gzip, deflate, br"],
    "Cache-Control": ["no-cache"],
    "Content-Type": ["application/json"],
    "Host": ["omv9j6woq7.execute-api.us-east-1.amazonaws.com"],
    "Postman-Token": ["10179907-09d8-44cb-81c9-7bd5e4123b4e"],
    "User-Agent": ["PostmanRuntime/7.28.0"],
    "X-Amzn-Trace-Id": ["Root=1-6090f0cc-5dbec31d6fae799a0a44fad4"],
    "X-Forwarded-For": ["24.251.173.110"],
    "X-Forwarded-Port": ["443"],
    "X-Forwarded-Proto": ["https"]
  },
  "queryStringParameters": null,
  "multiValueQueryStringParameters": null,
  "pathParameters": null,
  "stageVariables": null,
  "requestContext": {
    "resourceId": "h4qoac",
    "resourcePath": "/wishlist/images",
    "httpMethod": "POST",
    "extendedRequestId": "eyqP6GFzIAMFWgA=",
    "requestTime": "04/May/2021:06:59:24 +0000",
    "path": "/dev/wishlist/images",
    "accountId": "003668164030",
    "protocol": "HTTP/1.1",
    "stage": "dev",
    "domainPrefix": "omv9j6woq7",
    "requestTimeEpoch": 1620111564166,
    "requestId": "925d24bb-2073-47a7-b38a-98f5dc5bc919",
    "identity": {
      "cognitoIdentityPoolId": null,
      "accountId": null,
      "cognitoIdentityId": null,
      "caller": null,
      "sourceIp": "24.251.173.110",
      "principalOrgId": null,
      "accessKey": null,
      "cognitoAuthenticationType": null,
      "cognitoAuthenticationProvider": null,
      "userArn": null,
      "userAgent": "PostmanRuntime/7.28.0",
      "user": null
    },
    "domainName": "omv9j6woq7.execute-api.us-east-1.amazonaws.com",
    "apiId": "omv9j6woq7"
  },
  "body": "{\n    \"fileName\": \"airpods-lacroix\",\n    \"fileType\": \".jpg\"\n}",
  "isBase64Encoded": false
}
