{
  resource: '/wishlist',
  path: '/wishlist',
  httpMethod: 'POST',
  headers: {
    Accept: '*/*',
    'Accept-Encoding': 'gzip, deflate, br',
    'Cache-Control': 'no-cache',
    'Content-Type': 'application/json',
    Host: 'omv9j6woq7.execute-api.us-east-1.amazonaws.com',
    'Postman-Token': 'fddb7bc7-476f-4001-a81a-4a93adf7ad55',
    'User-Agent': 'PostmanRuntime/7.28.0',
    'X-Amzn-Trace-Id': 'Root=1-609c82a2-5465e0a70559d45d06142771',
    'X-Forwarded-For': '24.251.173.110',
    'X-Forwarded-Port': '443',
    'X-Forwarded-Proto': 'https'
  },
  multiValueHeaders: {
    Accept: [ '*/*' ],
    'Accept-Encoding': [ 'gzip, deflate, br' ],
    'Cache-Control': [ 'no-cache' ],
    'Content-Type': [ 'application/json' ],
    Host: [ 'omv9j6woq7.execute-api.us-east-1.amazonaws.com' ],
    'Postman-Token': [ 'fddb7bc7-476f-4001-a81a-4a93adf7ad55' ],
    'User-Agent': [ 'PostmanRuntime/7.28.0' ],
    'X-Amzn-Trace-Id': [ 'Root=1-609c82a2-5465e0a70559d45d06142771' ],
    'X-Forwarded-For': [ '24.251.173.110' ],
    'X-Forwarded-Port': [ '443' ],
    'X-Forwarded-Proto': [ 'https' ]
  },
  queryStringParameters: null,
  multiValueQueryStringParameters: null,
  pathParameters: null,
  stageVariables: null,
  requestContext: {
    resourceId: '0wveu8',
    resourcePath: '/wishlist',
    httpMethod: 'POST',
    extendedRequestId: 'fPlZXGmhoAMFqlg=',
    requestTime: '13/May/2021:01:36:34 +0000',
    path: '/dev/wishlist',
    accountId: '003668164030',
    protocol: 'HTTP/1.1',
    stage: 'dev',
    domainPrefix: 'omv9j6woq7',
    requestTimeEpoch: 1620869794233,
    requestId: '1a68e006-1807-4fc9-81d4-c1a1065a5990',
    identity: {
      cognitoIdentityPoolId: null,
      accountId: null,
      cognitoIdentityId: null,
      caller: null,
      sourceIp: '24.251.173.110',
      principalOrgId: null,
      accessKey: null,
      cognitoAuthenticationType: null,
      cognitoAuthenticationProvider: null,
      userArn: null,
      userAgent: 'PostmanRuntime/7.28.0',
      user: null
    },
    domainName: 'omv9j6woq7.execute-api.us-east-1.amazonaws.com',
    apiId: 'omv9j6woq7'
  },
  body: '{\n' +
    '    "first_name": "Devin",\n' +
    '    "last_name": "Hester",\n' +
    '    "phone": "8472450065",\n' +
    '    "email": "devinhester@bears.com",\n' +
    '    "type": "earrings",\n' +
    '    "make": "diamond",\n' +
    '    "model":"princess",\n' +
    '    "description":"Looking for a nice diamon around 3-5 karrots. VVS baby",\n' +
    '    "image_URL":"http://www.example.com"\n' +
    '}',
  isBase64Encoded: false
}