{
  "statusCode": 200,
  "headers": {
    "Access-Control-Allow-Origin": "*",
    "Access-Control-Allow-Credentials": true,
    "Access-Control-Allow-Headers": "Content-Type",
    "Access-Control-Allow-Methods": "OPTIONS,POST,GET"
  },
  "body": "{\"signedRequest\":\"https://themundogroup.s3.amazonaws.com/airpods-lacroix?AWSAccessKeyId=AKIAUVEDTY5RL43LZH4N&Content-Type=.jpg&Expires=1620113109&Signature=KcMtaql7y9Yj%2FhHOXHSdHRVIBjw%3D&x-amz-acl=public-read\",\"url\":\"https://themundogroup.s3.amazonaws.com/airpods-lacroix\"}"
}